#########################################################################################
#	Copyright (c) 2010-2018 Tata Consultancy Services Limited. All Rights Reserved.  	#
#	* Unauthorised access, copying and replication are prohibited.				        #
#																						#
#     Author:TCS                                                                        #
#     The Property file for OmniStore BO  DB            	                            #
#     OmniStore;7.4                                                     				#
#########################################################################################
OMNISTORE_BUNDLE_HOME,D:\OmniStore
POSTGRES_HOME,C:\Program";"Files\PostgreSQL\9.5
HOST,172.18.228.195
DATABASE_PORT,5434 
STORE_DB,CI
USER_NAME,e499835
SYMMETRICDS_HOME,/u01/HomeDir/e499835/symmetric-server-3.8.23/bin
Node_ID,1112100
