#########################################################################################
#	Copyright (c) 2010-2018 Tata Consultancy Services Limited. All Rights Reserved.  	#
#	* Unauthorised access, copying and replication are prohibited.			            #
#																						#
# Author:   TCS                                                                         #
# The Property file for OmniStore BO  DB	                                            #
# OmniStore 7.4				                                                            #
#########################################################################################
OMNISTORE_BUNDLE_HOME,F:
POSTGRES_HOME,C:\Program;Files\PostgreSQL\9.5
HOST,172.18.226.168
DATABASE_PORT,5432
STORE_DB,BO
USER_NAME,postgres
SYMMETRICDS_HOME,F:\Updated Script
Node_ID,1112100
engine.name,bo-postgres
